{"cameraMode":{"drawMode":0,"name":"Shaded","section":"Shading Mode"},"sceneLighting":true,"audioPlay":false,"sceneViewState":{"m_AlwaysRefresh":false,"showFog":true,"showSkybox":true,"showFlares":true,"showImageEffects":true,"showParticleSystems":true,"showVisualEffectGraphs":true,"m_FxEnabled":true},"in2DMode":false,"pivot":{"x":-6.447463035583496,"y":-11.642379760742188,"z":35.799068450927737},"rotation":{"x":0.16565164923667909,"y":-0.06799932569265366,"z":0.01142173446714878,"w":0.9838191270828247},"size":36.53828430175781,"orthographic":false}